DATAFLOW,LAST UPDATE,freq,unit,geo,TIME_PERIOD,OBS_VALUE,OBS_FLAG
ESTAT:SDG_11_60(1.0),13/01/23 23:00:00,A,PC,AL,2020,18.1,
ESTAT:SDG_11_60(1.0),13/01/23 23:00:00,A,PC,AL,2021,18.7,
ESTAT:SDG_11_60(1.0),13/01/23 23:00:00,A,PC,AT,2000,63.4,
ESTAT:SDG_11_60(1.0),13/01/23 23:00:00,A,PC,AT,2001,64.3,e
ESTAT:SDG_11_60(1.0),13/01/23 23:00:00,A,PC,AT,2002,62.5,e
ESTAT:SDG_11_60(1.0),13/01/23 23:00:00,A,PC,AT,2003,64.2,e
ESTAT:SDG_11_60(1.0),13/01/23 23:00:00,A,PC,AT,2004,57.4,
ESTAT:SDG_11_60(1.0),13/01/23 23:00:00,A,PC,AT,2005,58.3,e
ESTAT:SDG_11_60(1.0),13/01/23 23:00:00,A,PC,AT,2006,59.2,
ESTAT:SDG_11_60(1.0),13/01/23 23:00:00,A,PC,AT,2007,60.2,
ESTAT:SDG_11_60(1.0),13/01/23 23:00:00,A,PC,AT,2008,63.2,
ESTAT:SDG_11_60(1.0),13/01/23 23:00:00,A,PC,AT,2009,61.9,
ESTAT:SDG_11_60(1.0),13/01/23 23:00:00,A,PC,AT,2010,59.4,
ESTAT:SDG_11_60(1.0),13/01/23 23:00:00,A,PC,AT,2011,56.7,
ESTAT:SDG_11_60(1.0),13/01/23 23:00:00,A,PC,AT,2012,57.7,
ESTAT:SDG_11_60(1.0),13/01/23 23:00:00,A,PC,AT,2013,57.7,
ESTAT:SDG_11_60(1.0),13/01/23 23:00:00,A,PC,AT,2014,56.3,
ESTAT:SDG_11_60(1.0),13/01/23 23:00:00,A,PC,AT,2015,56.9,
ESTAT:SDG_11_60(1.0),13/01/23 23:00:00,A,PC,AT,2016,57.6,
ESTAT:SDG_11_60(1.0),13/01/23 23:00:00,A,PC,AT,2017,57.8,
ESTAT:SDG_11_60(1.0),13/01/23 23:00:00,A,PC,AT,2018,57.7,
ESTAT:SDG_11_60(1.0),13/01/23 23:00:00,A,PC,AT,2019,58.2,
ESTAT:SDG_11_60(1.0),13/01/23 23:00:00,A,PC,AT,2020,62.3,b
ESTAT:SDG_11_60(1.0),13/01/23 23:00:00,A,PC,BA,2008,0.0,
ESTAT:SDG_11_60(1.0),13/01/23 23:00:00,A,PC,BA,2009,0.0,
ESTAT:SDG_11_60(1.0),13/01/23 23:00:00,A,PC,BA,2010,0.0,
ESTAT:SDG_11_60(1.0),13/01/23 23:00:00,A,PC,BA,2011,0.0,
ESTAT:SDG_11_60(1.0),13/01/23 23:00:00,A,PC,BA,2012,0.0,
ESTAT:SDG_11_60(1.0),13/01/23 23:00:00,A,PC,BA,2013,0.0,
ESTAT:SDG_11_60(1.0),13/01/23 23:00:00,A,PC,BA,2014,0.0,
ESTAT:SDG_11_60(1.0),13/01/23 23:00:00,A,PC,BA,2015,0.0,
ESTAT:SDG_11_60(1.0),13/01/23 23:00:00,A,PC,BA,2016,0.0,
ESTAT:SDG_11_60(1.0),13/01/23 23:00:00,A,PC,BA,2017,0.0,
ESTAT:SDG_11_60(1.0),13/01/23 23:00:00,A,PC,BE,2000,49.7,
ESTAT:SDG_11_60(1.0),13/01/23 23:00:00,A,PC,BE,2001,50.4,
ESTAT:SDG_11_60(1.0),13/01/23 23:00:00,A,PC,BE,2002,51.5,
ESTAT:SDG_11_60(1.0),13/01/23 23:00:00,A,PC,BE,2003,52.9,
ESTAT:SDG_11_60(1.0),13/01/23 23:00:00,A,PC,BE,2004,53.5,
ESTAT:SDG_11_60(1.0),13/01/23 23:00:00,A,PC,BE,2005,55.6,
ESTAT:SDG_11_60(1.0),13/01/23 23:00:00,A,PC,BE,2006,56.1,
ESTAT:SDG_11_60(1.0),13/01/23 23:00:00,A,PC,BE,2007,56.8,
ESTAT:SDG_11_60(1.0),13/01/23 23:00:00,A,PC,BE,2008,52.7,
ESTAT:SDG_11_60(1.0),13/01/23 23:00:00,A,PC,BE,2009,53.9,
ESTAT:SDG_11_60(1.0),13/01/23 23:00:00,A,PC,BE,2010,54.8,
ESTAT:SDG_11_60(1.0),13/01/23 23:00:00,A,PC,BE,2011,54.4,
ESTAT:SDG_11_60(1.0),13/01/23 23:00:00,A,PC,BE,2012,53.4,
ESTAT:SDG_11_60(1.0),13/01/23 23:00:00,A,PC,BE,2013,52.8,
ESTAT:SDG_11_60(1.0),13/01/23 23:00:00,A,PC,BE,2014,53.8,
ESTAT:SDG_11_60(1.0),13/01/23 23:00:00,A,PC,BE,2015,53.5,
ESTAT:SDG_11_60(1.0),13/01/23 23:00:00,A,PC,BE,2016,53.5,
ESTAT:SDG_11_60(1.0),13/01/23 23:00:00,A,PC,BE,2017,53.9,
ESTAT:SDG_11_60(1.0),13/01/23 23:00:00,A,PC,BE,2018,54.4,
ESTAT:SDG_11_60(1.0),13/01/23 23:00:00,A,PC,BE,2019,54.7,
ESTAT:SDG_11_60(1.0),13/01/23 23:00:00,A,PC,BE,2020,51.4,b
ESTAT:SDG_11_60(1.0),13/01/23 23:00:00,A,PC,BE,2021,53.3,p
ESTAT:SDG_11_60(1.0),13/01/23 23:00:00,A,PC,BG,2000,15.5,e
ESTAT:SDG_11_60(1.0),13/01/23 23:00:00,A,PC,BG,2001,16.1,e
ESTAT:SDG_11_60(1.0),13/01/23 23:00:00,A,PC,BG,2002,16.3,e
ESTAT:SDG_11_60(1.0),13/01/23 23:00:00,A,PC,BG,2003,16.5,e
ESTAT:SDG_11_60(1.0),13/01/23 23:00:00,A,PC,BG,2004,17.2,be
ESTAT:SDG_11_60(1.0),13/01/23 23:00:00,A,PC,BG,2005,18.3,e
ESTAT:SDG_11_60(1.0),13/01/23 23:00:00,A,PC,BG,2006,19.1,e
ESTAT:SDG_11_60(1.0),13/01/23 23:00:00,A,PC,BG,2007,20.6,e
ESTAT:SDG_11_60(1.0),13/01/23 23:00:00,A,PC,BG,2008,19.4,e
ESTAT:SDG_11_60(1.0),13/01/23 23:00:00,A,PC,BG,2009,19.9,e
ESTAT:SDG_11_60(1.0),13/01/23 23:00:00,A,PC,BG,2010,24.5,
ESTAT:SDG_11_60(1.0),13/01/23 23:00:00,A,PC,BG,2011,26.2,
ESTAT:SDG_11_60(1.0),13/01/23 23:00:00,A,PC,BG,2012,25.0,
ESTAT:SDG_11_60(1.0),13/01/23 23:00:00,A,PC,BG,2013,28.5,
ESTAT:SDG_11_60(1.0),13/01/23 23:00:00,A,PC,BG,2014,23.1,
ESTAT:SDG_11_60(1.0),13/01/23 23:00:00,A,PC,BG,2015,29.4,
ESTAT:SDG_11_60(1.0),13/01/23 23:00:00,A,PC,BG,2016,31.8,
ESTAT:SDG_11_60(1.0),13/01/23 23:00:00,A,PC,BG,2017,34.6,
ESTAT:SDG_11_60(1.0),13/01/23 23:00:00,A,PC,BG,2018,31.5,
ESTAT:SDG_11_60(1.0),13/01/23 23:00:00,A,PC,BG,2019,34.6,s
ESTAT:SDG_11_60(1.0),13/01/23 23:00:00,A,PC,BG,2020,65.5,
ESTAT:SDG_11_60(1.0),13/01/23 23:00:00,A,PC,CH,2000,45.3,
ESTAT:SDG_11_60(1.0),13/01/23 23:00:00,A,PC,CH,2001,46.6,
ESTAT:SDG_11_60(1.0),13/01/23 23:00:00,A,PC,CH,2002,46.7,
ESTAT:SDG_11_60(1.0),13/01/23 23:00:00,A,PC,CH,2003,47.5,
ESTAT:SDG_11_60(1.0),13/01/23 23:00:00,A,PC,CH,2004,48.7,
ESTAT:SDG_11_60(1.0),13/01/23 23:00:00,A,PC,CH,2005,50.6,
ESTAT:SDG_11_60(1.0),13/01/23 23:00:00,A,PC,CH,2006,50.1,
ESTAT:SDG_11_60(1.0),13/01/23 23:00:00,A,PC,CH,2007,51.0,
ESTAT:SDG_11_60(1.0),13/01/23 23:00:00,A,PC,CH,2008,49.9,
ESTAT:SDG_11_60(1.0),13/01/23 23:00:00,A,PC,CH,2009,51.3,
ESTAT:SDG_11_60(1.0),13/01/23 23:00:00,A,PC,CH,2010,50.5,
ESTAT:SDG_11_60(1.0),13/01/23 23:00:00,A,PC,CH,2011,50.1,
ESTAT:SDG_11_60(1.0),13/01/23 23:00:00,A,PC,CH,2012,50.0,e
ESTAT:SDG_11_60(1.0),13/01/23 23:00:00,A,PC,CH,2013,51.0,e
ESTAT:SDG_11_60(1.0),13/01/23 23:00:00,A,PC,CH,2014,53.5,be
ESTAT:SDG_11_60(1.0),13/01/23 23:00:00,A,PC,CH,2015,52.7,e
ESTAT:SDG_11_60(1.0),13/01/23 23:00:00,A,PC,CH,2016,52.5,e
ESTAT:SDG_11_60(1.0),13/01/23 23:00:00,A,PC,CH,2017,52.5,e
ESTAT:SDG_11_60(1.0),13/01/23 23:00:00,A,PC,CH,2018,52.5,e
ESTAT:SDG_11_60(1.0),13/01/23 23:00:00,A,PC,CH,2019,53.0,e
ESTAT:SDG_11_60(1.0),13/01/23 23:00:00,A,PC,CH,2020,52.8,
ESTAT:SDG_11_60(1.0),13/01/23 23:00:00,A,PC,CH,2021,53.3,
ESTAT:SDG_11_60(1.0),13/01/23 23:00:00,A,PC,CY,2000,3.0,
ESTAT:SDG_11_60(1.0),13/01/23 23:00:00,A,PC,CY,2001,3.1,
ESTAT:SDG_11_60(1.0),13/01/23 23:00:00,A,PC,CY,2002,3.2,
ESTAT:SDG_11_60(1.0),13/01/23 23:00:00,A,PC,CY,2003,3.1,
ESTAT:SDG_11_60(1.0),13/01/23 23:00:00,A,PC,CY,2004,3.2,
ESTAT:SDG_11_60(1.0),13/01/23 23:00:00,A,PC,CY,2005,3.7,
ESTAT:SDG_11_60(1.0),13/01/23 23:00:00,A,PC,CY,2006,4.4,b
ESTAT:SDG_11_60(1.0),13/01/23 23:00:00,A,PC,CY,2007,5.2,
ESTAT:SDG_11_60(1.0),13/01/23 23:00:00,A,PC,CY,2008,7.5,
ESTAT:SDG_11_60(1.0),13/01/23 23:00:00,A,PC,CY,2009,8.3,
ESTAT:SDG_11_60(1.0),13/01/23 23:00:00,A,PC,CY,2010,10.9,
ESTAT:SDG_11_60(1.0),13/01/23 23:00:00,A,PC,CY,2011,11.0,
ESTAT:SDG_11_60(1.0),13/01/23 23:00:00,A,PC,CY,2012,12.5,
ESTAT:SDG_11_60(1.0),13/01/23 23:00:00,A,PC,CY,2013,13.9,
ESTAT:SDG_11_60(1.0),13/01/23 23:00:00,A,PC,CY,2014,14.8,
ESTAT:SDG_11_60(1.0),13/01/23 23:00:00,A,PC,CY,2015,16.6,
ESTAT:SDG_11_60(1.0),13/01/23 23:00:00,A,PC,CY,2016,16.1,
ESTAT:SDG_11_60(1.0),13/01/23 23:00:00,A,PC,CY,2017,16.0,
ESTAT:SDG_11_60(1.0),13/01/23 23:00:00,A,PC,CY,2018,16.7,
ESTAT:SDG_11_60(1.0),13/01/23 23:00:00,A,PC,CY,2019,16.6,
ESTAT:SDG_11_60(1.0),13/01/23 23:00:00,A,PC,CY,2020,16.6,
ESTAT:SDG_11_60(1.0),13/01/23 23:00:00,A,PC,CY,2021,15.3,p
ESTAT:SDG_11_60(1.0),13/01/23 23:00:00,A,PC,CZ,2000,0.9,
ESTAT:SDG_11_60(1.0),13/01/23 23:00:00,A,PC,CZ,2001,0.9,b
ESTAT:SDG_11_60(1.0),13/01/23 23:00:00,A,PC,CZ,2002,0.9,
ESTAT:SDG_11_60(1.0),13/01/23 23:00:00,A,PC,CZ,2003,0.9,
ESTAT:SDG_11_60(1.0),13/01/23 23:00:00,A,PC,CZ,2004,5.5,be
ESTAT:SDG_11_60(1.0),13/01/23 23:00:00,A,PC,CZ,2005,6.2,e
ESTAT:SDG_11_60(1.0),13/01/23 23:00:00,A,PC,CZ,2006,7.4,e
ESTAT:SDG_11_60(1.0),13/01/23 23:00:00,A,PC,CZ,2007,10.1,e
ESTAT:SDG_11_60(1.0),13/01/23 23:00:00,A,PC,CZ,2008,10.4,e
ESTAT:SDG_11_60(1.0),13/01/23 23:00:00,A,PC,CZ,2009,12.4,e
ESTAT:SDG_11_60(1.0),13/01/23 23:00:00,A,PC,CZ,2010,15.8,e
ESTAT:SDG_11_60(1.0),13/01/23 23:00:00,A,PC,CZ,2011,16.9,e
ESTAT:SDG_11_60(1.0),13/01/23 23:00:00,A,PC,CZ,2012,23.2,e
ESTAT:SDG_11_60(1.0),13/01/23 23:00:00,A,PC,CZ,2013,24.2,e
ESTAT:SDG_11_60(1.0),13/01/23 23:00:00,A,PC,CZ,2014,25.4,e
ESTAT:SDG_11_60(1.0),13/01/23 23:00:00,A,PC,CZ,2015,29.7,e
ESTAT:SDG_11_60(1.0),13/01/23 23:00:00,A,PC,CZ,2016,33.6,e
ESTAT:SDG_11_60(1.0),13/01/23 23:00:00,A,PC,CZ,2017,32.1,b
ESTAT:SDG_11_60(1.0),13/01/23 23:00:00,A,PC,CZ,2018,32.2,
ESTAT:SDG_11_60(1.0),13/01/23 23:00:00,A,PC,CZ,2019,33.3,
ESTAT:SDG_11_60(1.0),13/01/23 23:00:00,A,PC,CZ,2020,40.5,
ESTAT:SDG_11_60(1.0),13/01/23 23:00:00,A,PC,CZ,2021,43.3,
ESTAT:SDG_11_60(1.0),13/01/23 23:00:00,A,PC,DE,2000,52.5,s
ESTAT:SDG_11_60(1.0),13/01/23 23:00:00,A,PC,DE,2001,52.3,s
ESTAT:SDG_11_60(1.0),13/01/23 23:00:00,A,PC,DE,2002,56.1,
ESTAT:SDG_11_60(1.0),13/01/23 23:00:00,A,PC,DE,2003,57.8,
ESTAT:SDG_11_60(1.0),13/01/23 23:00:00,A,PC,DE,2004,56.4,
ESTAT:SDG_11_60(1.0),13/01/23 23:00:00,A,PC,DE,2005,60.9,
ESTAT:SDG_11_60(1.0),13/01/23 23:00:00,A,PC,DE,2006,62.1,
ESTAT:SDG_11_60(1.0),13/01/23 23:00:00,A,PC,DE,2007,63.2,
ESTAT:SDG_11_60(1.0),13/01/23 23:00:00,A,PC,DE,2008,63.8,
ESTAT:SDG_11_60(1.0),13/01/23 23:00:00,A,PC,DE,2009,63.1,
ESTAT:SDG_11_60(1.0),13/01/23 23:00:00,A,PC,DE,2010,62.5,
ESTAT:SDG_11_60(1.0),13/01/23 23:00:00,A,PC,DE,2011,63.0,
ESTAT:SDG_11_60(1.0),13/01/23 23:00:00,A,PC,DE,2012,65.2,
ESTAT:SDG_11_60(1.0),13/01/23 23:00:00,A,PC,DE,2013,63.8,
ESTAT:SDG_11_60(1.0),13/01/23 23:00:00,A,PC,DE,2014,65.6,
ESTAT:SDG_11_60(1.0),13/01/23 23:00:00,A,PC,DE,2015,66.7,
ESTAT:SDG_11_60(1.0),13/01/23 23:00:00,A,PC,DE,2016,67.1,
ESTAT:SDG_11_60(1.0),13/01/23 23:00:00,A,PC,DE,2017,67.2,
ESTAT:SDG_11_60(1.0),13/01/23 23:00:00,A,PC,DE,2018,67.1,
ESTAT:SDG_11_60(1.0),13/01/23 23:00:00,A,PC,DE,2019,66.7,e
ESTAT:SDG_11_60(1.0),13/01/23 23:00:00,A,PC,DE,2020,70.3,p
ESTAT:SDG_11_60(1.0),13/01/23 23:00:00,A,PC,DE,2021,71.1,e
ESTAT:SDG_11_60(1.0),13/01/23 23:00:00,A,PC,DK,2000,37.1,
ESTAT:SDG_11_60(1.0),13/01/23 23:00:00,A,PC,DK,2001,36.1,
ESTAT:SDG_11_60(1.0),13/01/23 23:00:00,A,PC,DK,2002,37.6,
ESTAT:SDG_11_60(1.0),13/01/23 23:00:00,A,PC,DK,2003,40.9,
ESTAT:SDG_11_60(1.0),13/01/23 23:00:00,A,PC,DK,2004,41.0,
ESTAT:SDG_11_60(1.0),13/01/23 23:00:00,A,PC,DK,2005,41.0,
ESTAT:SDG_11_60(1.0),13/01/23 23:00:00,A,PC,DK,2006,41.8,
ESTAT:SDG_11_60(1.0),13/01/23 23:00:00,A,PC,DK,2007,44.2,
ESTAT:SDG_11_60(1.0),13/01/23 23:00:00,A,PC,DK,2008,47.9,
ESTAT:SDG_11_60(1.0),13/01/23 23:00:00,A,PC,DK,2009,48.8,e
ESTAT:SDG_11_60(1.0),13/01/23 23:00:00,A,PC,DK,2011,42.4,b
ESTAT:SDG_11_60(1.0),13/01/23 23:00:00,A,PC,DK,2012,42.5,
ESTAT:SDG_11_60(1.0),13/01/23 23:00:00,A,PC,DK,2013,43.3,
ESTAT:SDG_11_60(1.0),13/01/23 23:00:00,A,PC,DK,2014,45.4,
ESTAT:SDG_11_60(1.0),13/01/23 23:00:00,A,PC,DK,2015,47.4,
ESTAT:SDG_11_60(1.0),13/01/23 23:00:00,A,PC,DK,2016,48.3,
ESTAT:SDG_11_60(1.0),13/01/23 23:00:00,A,PC,DK,2017,47.6,
ESTAT:SDG_11_60(1.0),13/01/23 23:00:00,A,PC,DK,2018,49.9,
ESTAT:SDG_11_60(1.0),13/01/23 23:00:00,A,PC,DK,2019,51.5,
ESTAT:SDG_11_60(1.0),13/01/23 23:00:00,A,PC,DK,2020,45.0,p
ESTAT:SDG_11_60(1.0),13/01/23 23:00:00,A,PC,DK,2021,34.3,
ESTAT:SDG_11_60(1.0),13/01/23 23:00:00,A,PC,EE,2000,2.2,b
ESTAT:SDG_11_60(1.0),13/01/23 23:00:00,A,PC,EE,2001,5.1,b
ESTAT:SDG_11_60(1.0),13/01/23 23:00:00,A,PC,EE,2002,2.7,
ESTAT:SDG_11_60(1.0),13/01/23 23:00:00,A,PC,EE,2003,15.0,
ESTAT:SDG_11_60(1.0),13/01/23 23:00:00,A,PC,EE,2004,24.8,
ESTAT:SDG_11_60(1.0),13/01/23 23:00:00,A,PC,EE,2005,22.7,
ESTAT:SDG_11_60(1.0),13/01/23 23:00:00,A,PC,EE,2006,17.4,
ESTAT:SDG_11_60(1.0),13/01/23 23:00:00,A,PC,EE,2007,23.1,
ESTAT:SDG_11_60(1.0),13/01/23 23:00:00,A,PC,EE,2008,20.2,b
ESTAT:SDG_11_60(1.0),13/01/23 23:00:00,A,PC,EE,2009,21.0,
ESTAT:SDG_11_60(1.0),13/01/23 23:00:00,A,PC,EE,2010,18.0,b
ESTAT:SDG_11_60(1.0),13/01/23 23:00:00,A,PC,EE,2011,23.3,
ESTAT:SDG_11_60(1.0),13/01/23 23:00:00,A,PC,EE,2012,19.1,
ESTAT:SDG_11_60(1.0),13/01/23 23:00:00,A,PC,EE,2013,17.6,
ESTAT:SDG_11_60(1.0),13/01/23 23:00:00,A,PC,EE,2014,31.1,b
ESTAT:SDG_11_60(1.0),13/01/23 23:00:00,A,PC,EE,2015,28.3,
ESTAT:SDG_11_60(1.0),13/01/23 23:00:00,A,PC,EE,2016,27.9,
ESTAT:SDG_11_60(1.0),13/01/23 23:00:00,A,PC,EE,2017,28.2,
ESTAT:SDG_11_60(1.0),13/01/23 23:00:00,A,PC,EE,2018,28.0,
ESTAT:SDG_11_60(1.0),13/01/23 23:00:00,A,PC,EE,2019,30.8,
ESTAT:SDG_11_60(1.0),13/01/23 23:00:00,A,PC,EE,2020,28.9,
ESTAT:SDG_11_60(1.0),13/01/23 23:00:00,A,PC,EE,2021,30.3,
ESTAT:SDG_11_60(1.0),13/01/23 23:00:00,A,PC,EL,2000,8.8,
ESTAT:SDG_11_60(1.0),13/01/23 23:00:00,A,PC,EL,2001,8.8,
ESTAT:SDG_11_60(1.0),13/01/23 23:00:00,A,PC,EL,2002,8.8,
ESTAT:SDG_11_60(1.0),13/01/23 23:00:00,A,PC,EL,2003,8.1,
ESTAT:SDG_11_60(1.0),13/01/23 23:00:00,A,PC,EL,2004,10.1,
ESTAT:SDG_11_60(1.0),13/01/23 23:00:00,A,PC,EL,2005,11.8,
ESTAT:SDG_11_60(1.0),13/01/23 23:00:00,A,PC,EL,2006,12.8,
ESTAT:SDG_11_60(1.0),13/01/23 23:00:00,A,PC,EL,2007,20.0,
ESTAT:SDG_11_60(1.0),13/01/23 23:00:00,A,PC,EL,2008,17.7,
ESTAT:SDG_11_60(1.0),13/01/23 23:00:00,A,PC,EL,2009,18.9,
ESTAT:SDG_11_60(1.0),13/01/23 23:00:00,A,PC,EL,2010,17.1,
ESTAT:SDG_11_60(1.0),13/01/23 23:00:00,A,PC,EL,2011,17.8,
ESTAT:SDG_11_60(1.0),13/01/23 23:00:00,A,PC,EL,2012,17.0,
ESTAT:SDG_11_60(1.0),13/01/23 23:00:00,A,PC,EL,2013,15.8,
ESTAT:SDG_11_60(1.0),13/01/23 23:00:00,A,PC,EL,2014,15.4,
ESTAT:SDG_11_60(1.0),13/01/23 23:00:00,A,PC,EL,2015,15.8,
ESTAT:SDG_11_60(1.0),13/01/23 23:00:00,A,PC,EL,2016,17.2,
ESTAT:SDG_11_60(1.0),13/01/23 23:00:00,A,PC,EL,2017,18.9,
ESTAT:SDG_11_60(1.0),13/01/23 23:00:00,A,PC,EL,2018,20.1,
ESTAT:SDG_11_60(1.0),13/01/23 23:00:00,A,PC,EL,2019,21.0,
ESTAT:SDG_11_60(1.0),13/01/23 23:00:00,A,PC,ES,2000,18.4,
ESTAT:SDG_11_60(1.0),13/01/23 23:00:00,A,PC,ES,2001,21.4,
ESTAT:SDG_11_60(1.0),13/01/23 23:00:00,A,PC,ES,2002,29.3,
ESTAT:SDG_11_60(1.0),13/01/23 23:00:00,A,PC,ES,2003,28.7,
ESTAT:SDG_11_60(1.0),13/01/23 23:00:00,A,PC,ES,2004,30.9,
ESTAT:SDG_11_60(1.0),13/01/23 23:00:00,A,PC,ES,2005,31.4,
ESTAT:SDG_11_60(1.0),13/01/23 23:00:00,A,PC,ES,2006,31.2,
ESTAT:SDG_11_60(1.0),13/01/23 23:00:00,A,PC,ES,2007,30.6,
ESTAT:SDG_11_60(1.0),13/01/23 23:00:00,A,PC,ES,2008,39.7,
ESTAT:SDG_11_60(1.0),13/01/23 23:00:00,A,PC,ES,2009,33.2,
ESTAT:SDG_11_60(1.0),13/01/23 23:00:00,A,PC,ES,2010,29.2,
ESTAT:SDG_11_60(1.0),13/01/23 23:00:00,A,PC,ES,2011,26.7,
ESTAT:SDG_11_60(1.0),13/01/23 23:00:00,A,PC,ES,2012,29.8,
ESTAT:SDG_11_60(1.0),13/01/23 23:00:00,A,PC,ES,2013,32.5,
ESTAT:SDG_11_60(1.0),13/01/23 23:00:00,A,PC,ES,2014,30.8,
ESTAT:SDG_11_60(1.0),13/01/23 23:00:00,A,PC,ES,2015,30.0,
ESTAT:SDG_11_60(1.0),13/01/23 23:00:00,A,PC,ES,2016,33.9,
ESTAT:SDG_11_60(1.0),13/01/23 23:00:00,A,PC,ES,2017,36.1,
ESTAT:SDG_11_60(1.0),13/01/23 23:00:00,A,PC,ES,2018,34.8,
ESTAT:SDG_11_60(1.0),13/01/23 23:00:00,A,PC,ES,2019,38.0,
ESTAT:SDG_11_60(1.0),13/01/23 23:00:00,A,PC,ES,2020,40.5,
ESTAT:SDG_11_60(1.0),13/01/23 23:00:00,A,PC,ES,2021,36.7,e
ESTAT:SDG_11_60(1.0),13/01/23 23:00:00,A,PC,EU27_2020,2000,27.3,s
ESTAT:SDG_11_60(1.0),13/01/23 23:00:00,A,PC,EU27_2020,2001,28.7,s
ESTAT:SDG_11_60(1.0),13/01/23 23:00:00,A,PC,EU27_2020,2002,30.4,s
ESTAT:SDG_11_60(1.0),13/01/23 23:00:00,A,PC,EU27_2020,2003,31.1,s
ESTAT:SDG_11_60(1.0),13/01/23 23:00:00,A,PC,EU27_2020,2004,31.8,s
ESTAT:SDG_11_60(1.0),13/01/23 23:00:00,A,PC,EU27_2020,2005,32.5,s
ESTAT:SDG_11_60(1.0),13/01/23 23:00:00,A,PC,EU27_2020,2006,33.2,s
ESTAT:SDG_11_60(1.0),13/01/23 23:00:00,A,PC,EU27_2020,2007,35.2,
ESTAT:SDG_11_60(1.0),13/01/23 23:00:00,A,PC,EU27_2020,2008,36.5,
ESTAT:SDG_11_60(1.0),13/01/23 23:00:00,A,PC,EU27_2020,2009,37.3,
ESTAT:SDG_11_60(1.0),13/01/23 23:00:00,A,PC,EU27_2020,2010,38.0,
ESTAT:SDG_11_60(1.0),13/01/23 23:00:00,A,PC,EU27_2020,2011,38.9,
ESTAT:SDG_11_60(1.0),13/01/23 23:00:00,A,PC,EU27_2020,2012,40.9,
ESTAT:SDG_11_60(1.0),13/01/23 23:00:00,A,PC,EU27_2020,2013,41.5,
ESTAT:SDG_11_60(1.0),13/01/23 23:00:00,A,PC,EU27_2020,2014,43.4,
ESTAT:SDG_11_60(1.0),13/01/23 23:00:00,A,PC,EU27_2020,2015,44.9,
ESTAT:SDG_11_60(1.0),13/01/23 23:00:00,A,PC,EU27_2020,2016,45.9,
ESTAT:SDG_11_60(1.0),13/01/23 23:00:00,A,PC,EU27_2020,2017,46.3,
ESTAT:SDG_11_60(1.0),13/01/23 23:00:00,A,PC,EU27_2020,2018,46.4,
ESTAT:SDG_11_60(1.0),13/01/23 23:00:00,A,PC,EU27_2020,2019,47.2,s
ESTAT:SDG_11_60(1.0),13/01/23 23:00:00,A,PC,EU27_2020,2020,49.2,s
ESTAT:SDG_11_60(1.0),13/01/23 23:00:00,A,PC,EU27_2020,2021,49.6,s
ESTAT:SDG_11_60(1.0),13/01/23 23:00:00,A,PC,FI,2000,33.6,
ESTAT:SDG_11_60(1.0),13/01/23 23:00:00,A,PC,FI,2001,33.6,
ESTAT:SDG_11_60(1.0),13/01/23 23:00:00,A,PC,FI,2002,33.6,
ESTAT:SDG_11_60(1.0),13/01/23 23:00:00,A,PC,FI,2003,33.6,
ESTAT:SDG_11_60(1.0),13/01/23 23:00:00,A,PC,FI,2004,33.6,
ESTAT:SDG_11_60(1.0),13/01/23 23:00:00,A,PC,FI,2005,33.6,
ESTAT:SDG_11_60(1.0),13/01/23 23:00:00,A,PC,FI,2006,33.6,
ESTAT:SDG_11_60(1.0),13/01/23 23:00:00,A,PC,FI,2007,35.6,
ESTAT:SDG_11_60(1.0),13/01/23 23:00:00,A,PC,FI,2008,34.3,
ESTAT:SDG_11_60(1.0),13/01/23 23:00:00,A,PC,FI,2009,35.9,
ESTAT:SDG_11_60(1.0),13/01/23 23:00:00,A,PC,FI,2010,32.8,
ESTAT:SDG_11_60(1.0),13/01/23 23:00:00,A,PC,FI,2011,34.8,
ESTAT:SDG_11_60(1.0),13/01/23 23:00:00,A,PC,FI,2012,33.3,
ESTAT:SDG_11_60(1.0),13/01/23 23:00:00,A,PC,FI,2013,32.5,
ESTAT:SDG_11_60(1.0),13/01/23 23:00:00,A,PC,FI,2014,32.5,
ESTAT:SDG_11_60(1.0),13/01/23 23:00:00,A,PC,FI,2015,40.6,b
ESTAT:SDG_11_60(1.0),13/01/23 23:00:00,A,PC,FI,2016,42.1,
ESTAT:SDG_11_60(1.0),13/01/23 23:00:00,A,PC,FI,2017,40.5,
ESTAT:SDG_11_60(1.0),13/01/23 23:00:00,A,PC,FI,2018,42.3,
ESTAT:SDG_11_60(1.0),13/01/23 23:00:00,A,PC,FI,2019,43.5,
ESTAT:SDG_11_60(1.0),13/01/23 23:00:00,A,PC,FI,2020,42.2,
ESTAT:SDG_11_60(1.0),13/01/23 23:00:00,A,PC,FI,2021,37.1,
ESTAT:SDG_11_60(1.0),13/01/23 23:00:00,A,PC,FR,2000,24.5,
ESTAT:SDG_11_60(1.0),13/01/23 23:00:00,A,PC,FR,2001,26.1,
ESTAT:SDG_11_60(1.0),13/01/23 23:00:00,A,PC,FR,2002,27.3,
ESTAT:SDG_11_60(1.0),13/01/23 23:00:00,A,PC,FR,2003,28.0,
ESTAT:SDG_11_60(1.0),13/01/23 23:00:00,A,PC,FR,2004,29.0,
ESTAT:SDG_11_60(1.0),13/01/23 23:00:00,A,PC,FR,2005,29.0,
ESTAT:SDG_11_60(1.0),13/01/23 23:00:00,A,PC,FR,2006,30.7,e
ESTAT:SDG_11_60(1.0),13/01/23 23:00:00,A,PC,FR,2007,32.3,
ESTAT:SDG_11_60(1.0),13/01/23 23:00:00,A,PC,FR,2008,33.8,e
ESTAT:SDG_11_60(1.0),13/01/23 23:00:00,A,PC,FR,2009,35.3,
ESTAT:SDG_11_60(1.0),13/01/23 23:00:00,A,PC,FR,2010,36.0,e
ESTAT:SDG_11_60(1.0),13/01/23 23:00:00,A,PC,FR,2011,36.8,
ESTAT:SDG_11_60(1.0),13/01/23 23:00:00,A,PC,FR,2012,37.7,e
ESTAT:SDG_11_60(1.0),13/01/23 23:00:00,A,PC,FR,2013,38.7,
ESTAT:SDG_11_60(1.0),13/01/23 23:00:00,A,PC,FR,2014,39.7,e
ESTAT:SDG_11_60(1.0),13/01/23 23:00:00,A,PC,FR,2015,40.7,
ESTAT:SDG_11_60(1.0),13/01/23 23:00:00,A,PC,FR,2016,39.7,e
ESTAT:SDG_11_60(1.0),13/01/23 23:00:00,A,PC,FR,2017,40.2,e
ESTAT:SDG_11_60(1.0),13/01/23 23:00:00,A,PC,FR,2018,40.7,e
ESTAT:SDG_11_60(1.0),13/01/23 23:00:00,A,PC,FR,2019,41.0,e
ESTAT:SDG_11_60(1.0),13/01/23 23:00:00,A,PC,FR,2020,41.7,e
ESTAT:SDG_11_60(1.0),13/01/23 23:00:00,A,PC,FR,2021,45.1,ep
ESTAT:SDG_11_60(1.0),13/01/23 23:00:00,A,PC,HR,2007,3.2,
ESTAT:SDG_11_60(1.0),13/01/23 23:00:00,A,PC,HR,2008,2.7,
ESTAT:SDG_11_60(1.0),13/01/23 23:00:00,A,PC,HR,2009,2.4,
ESTAT:SDG_11_60(1.0),13/01/23 23:00:00,A,PC,HR,2010,4.1,
ESTAT:SDG_11_60(1.0),13/01/23 23:00:00,A,PC,HR,2011,8.3,
ESTAT:SDG_11_60(1.0),13/01/23 23:00:00,A,PC,HR,2012,14.7,
ESTAT:SDG_11_60(1.0),13/01/23 23:00:00,A,PC,HR,2013,14.9,
ESTAT:SDG_11_60(1.0),13/01/23 23:00:00,A,PC,HR,2014,16.4,
ESTAT:SDG_11_60(1.0),13/01/23 23:00:00,A,PC,HR,2015,18.0,
ESTAT:SDG_11_60(1.0),13/01/23 23:00:00,A,PC,HR,2016,21.0,
ESTAT:SDG_11_60(1.0),13/01/23 23:00:00,A,PC,HR,2017,23.6,
ESTAT:SDG_11_60(1.0),13/01/23 23:00:00,A,PC,HR,2018,25.3,
ESTAT:SDG_11_60(1.0),13/01/23 23:00:00,A,PC,HR,2019,30.2,
ESTAT:SDG_11_60(1.0),13/01/23 23:00:00,A,PC,HR,2020,29.5,
ESTAT:SDG_11_60(1.0),13/01/23 23:00:00,A,PC,HR,2021,31.4,
ESTAT:SDG_11_60(1.0),13/01/23 23:00:00,A,PC,HU,2000,1.6,b
ESTAT:SDG_11_60(1.0),13/01/23 23:00:00,A,PC,HU,2001,1.6,
ESTAT:SDG_11_60(1.0),13/01/23 23:00:00,A,PC,HU,2002,2.5,
ESTAT:SDG_11_60(1.0),13/01/23 23:00:00,A,PC,HU,2003,3.5,
ESTAT:SDG_11_60(1.0),13/01/23 23:00:00,A,PC,HU,2004,11.8,b
ESTAT:SDG_11_60(1.0),13/01/23 23:00:00,A,PC,HU,2005,9.6,
ESTAT:SDG_11_60(1.0),13/01/23 23:00:00,A,PC,HU,2006,10.4,
ESTAT:SDG_11_60(1.0),13/01/23 23:00:00,A,PC,HU,2007,12.1,
ESTAT:SDG_11_60(1.0),13/01/23 23:00:00,A,PC,HU,2008,15.2,
ESTAT:SDG_11_60(1.0),13/01/23 23:00:00,A,PC,HU,2009,15.4,
ESTAT:SDG_11_60(1.0),13/01/23 23:00:00,A,PC,HU,2010,19.6,
ESTAT:SDG_11_60(1.0),13/01/23 23:00:00,A,PC,HU,2011,22.0,
ESTAT:SDG_11_60(1.0),13/01/23 23:00:00,A,PC,HU,2012,25.5,
ESTAT:SDG_11_60(1.0),13/01/23 23:00:00,A,PC,HU,2013,26.4,
ESTAT:SDG_11_60(1.0),13/01/23 23:00:00,A,PC,HU,2014,30.5,
ESTAT:SDG_11_60(1.0),13/01/23 23:00:00,A,PC,HU,2015,32.2,
ESTAT:SDG_11_60(1.0),13/01/23 23:00:00,A,PC,HU,2016,34.7,
ESTAT:SDG_11_60(1.0),13/01/23 23:00:00,A,PC,HU,2017,35.0,
ESTAT:SDG_11_60(1.0),13/01/23 23:00:00,A,PC,HU,2018,37.4,
ESTAT:SDG_11_60(1.0),13/01/23 23:00:00,A,PC,HU,2019,35.9,
ESTAT:SDG_11_60(1.0),13/01/23 23:00:00,A,PC,HU,2020,32.0,
ESTAT:SDG_11_60(1.0),13/01/23 23:00:00,A,PC,HU,2021,34.9,
ESTAT:SDG_11_60(1.0),13/01/23 23:00:00,A,PC,IE,2000,11.9,
ESTAT:SDG_11_60(1.0),13/01/23 23:00:00,A,PC,IE,2001,11.3,
ESTAT:SDG_11_60(1.0),13/01/23 23:00:00,A,PC,IE,2002,18.3,
ESTAT:SDG_11_60(1.0),13/01/23 23:00:00,A,PC,IE,2003,23.6,b
ESTAT:SDG_11_60(1.0),13/01/23 23:00:00,A,PC,IE,2004,29.5,
ESTAT:SDG_11_60(1.0),13/01/23 23:00:00,A,PC,IE,2005,31.1,
ESTAT:SDG_11_60(1.0),13/01/23 23:00:00,A,PC,IE,2006,33.1,
ESTAT:SDG_11_60(1.0),13/01/23 23:00:00,A,PC,IE,2007,34.1,
ESTAT:SDG_11_60(1.0),13/01/23 23:00:00,A,PC,IE,2008,33.6,
ESTAT:SDG_11_60(1.0),13/01/23 23:00:00,A,PC,IE,2009,33.5,
ESTAT:SDG_11_60(1.0),13/01/23 23:00:00,A,PC,IE,2010,35.7,
ESTAT:SDG_11_60(1.0),13/01/23 23:00:00,A,PC,IE,2011,36.1,
ESTAT:SDG_11_60(1.0),13/01/23 23:00:00,A,PC,IE,2012,36.6,
ESTAT:SDG_11_60(1.0),13/01/23 23:00:00,A,PC,IE,2014,39.8,b
ESTAT:SDG_11_60(1.0),13/01/23 23:00:00,A,PC,IE,2016,40.7,
ESTAT:SDG_11_60(1.0),13/01/23 23:00:00,A,PC,IE,2017,40.4,
ESTAT:SDG_11_60(1.0),13/01/23 23:00:00,A,PC,IE,2018,37.7,
ESTAT:SDG_11_60(1.0),13/01/23 23:00:00,A,PC,IE,2019,37.4,b
ESTAT:SDG_11_60(1.0),13/01/23 23:00:00,A,PC,IE,2020,40.8,b
ESTAT:SDG_11_60(1.0),13/01/23 23:00:00,A,PC,IS,2000,15.4,
ESTAT:SDG_11_60(1.0),13/01/23 23:00:00,A,PC,IS,2001,15.8,
ESTAT:SDG_11_60(1.0),13/01/23 23:00:00,A,PC,IS,2002,16.1,
ESTAT:SDG_11_60(1.0),13/01/23 23:00:00,A,PC,IS,2003,16.4,
ESTAT:SDG_11_60(1.0),13/01/23 23:00:00,A,PC,IS,2008,19.2,
ESTAT:SDG_11_60(1.0),13/01/23 23:00:00,A,PC,IS,2009,20.5,
ESTAT:SDG_11_60(1.0),13/01/23 23:00:00,A,PC,IS,2010,20.8,
ESTAT:SDG_11_60(1.0),13/01/23 23:00:00,A,PC,IS,2011,25.3,
ESTAT:SDG_11_60(1.0),13/01/23 23:00:00,A,PC,IS,2012,28.0,
ESTAT:SDG_11_60(1.0),13/01/23 23:00:00,A,PC,IS,2013,29.9,
ESTAT:SDG_11_60(1.0),13/01/23 23:00:00,A,PC,IS,2014,29.7,
ESTAT:SDG_11_60(1.0),13/01/23 23:00:00,A,PC,IS,2015,0.0,
ESTAT:SDG_11_60(1.0),13/01/23 23:00:00,A,PC,IS,2016,0.0,
ESTAT:SDG_11_60(1.0),13/01/23 23:00:00,A,PC,IS,2017,0.0,
ESTAT:SDG_11_60(1.0),13/01/23 23:00:00,A,PC,IS,2018,0.0,
ESTAT:SDG_11_60(1.0),13/01/23 23:00:00,A,PC,IS,2020,35.1,
ESTAT:SDG_11_60(1.0),13/01/23 23:00:00,A,PC,IT,2000,14.2,
ESTAT:SDG_11_60(1.0),13/01/23 23:00:00,A,PC,IT,2001,17.8,
ESTAT:SDG_11_60(1.0),13/01/23 23:00:00,A,PC,IT,2002,14.8,
ESTAT:SDG_11_60(1.0),13/01/23 23:00:00,A,PC,IT,2003,16.3,
ESTAT:SDG_11_60(1.0),13/01/23 23:00:00,A,PC,IT,2004,17.6,
ESTAT:SDG_11_60(1.0),13/01/23 23:00:00,A,PC,IT,2005,18.5,
ESTAT:SDG_11_60(1.0),13/01/23 23:00:00,A,PC,IT,2006,19.2,
ESTAT:SDG_11_60(1.0),13/01/23 23:00:00,A,PC,IT,2007,25.0,b
ESTAT:SDG_11_60(1.0),13/01/23 23:00:00,A,PC,IT,2008,23.8,
ESTAT:SDG_11_60(1.0),13/01/23 23:00:00,A,PC,IT,2009,29.7,
ESTAT:SDG_11_60(1.0),13/01/23 23:00:00,A,PC,IT,2010,31.0,
ESTAT:SDG_11_60(1.0),13/01/23 23:00:00,A,PC,IT,2011,35.5,
ESTAT:SDG_11_60(1.0),13/01/23 23:00:00,A,PC,IT,2012,38.4,
ESTAT:SDG_11_60(1.0),13/01/23 23:00:00,A,PC,IT,2013,39.4,
ESTAT:SDG_11_60(1.0),13/01/23 23:00:00,A,PC,IT,2014,41.6,
ESTAT:SDG_11_60(1.0),13/01/23 23:00:00,A,PC,IT,2015,44.3,b
ESTAT:SDG_11_60(1.0),13/01/23 23:00:00,A,PC,IT,2016,45.9,
ESTAT:SDG_11_60(1.0),13/01/23 23:00:00,A,PC,IT,2017,47.8,
ESTAT:SDG_11_60(1.0),13/01/23 23:00:00,A,PC,IT,2018,49.8,
ESTAT:SDG_11_60(1.0),13/01/23 23:00:00,A,PC,IT,2019,51.4,
ESTAT:SDG_11_60(1.0),13/01/23 23:00:00,A,PC,IT,2020,51.4,
ESTAT:SDG_11_60(1.0),13/01/23 23:00:00,A,PC,LT,2000,0.0,
ESTAT:SDG_11_60(1.0),13/01/23 23:00:00,A,PC,LT,2001,0.0,
ESTAT:SDG_11_60(1.0),13/01/23 23:00:00,A,PC,LT,2002,0.0,
ESTAT:SDG_11_60(1.0),13/01/23 23:00:00,A,PC,LT,2003,0.0,
ESTAT:SDG_11_60(1.0),13/01/23 23:00:00,A,PC,LT,2004,1.9,s
ESTAT:SDG_11_60(1.0),13/01/23 23:00:00,A,PC,LT,2005,1.9,s
ESTAT:SDG_11_60(1.0),13/01/23 23:00:00,A,PC,LT,2006,1.9,s
ESTAT:SDG_11_60(1.0),13/01/23 23:00:00,A,PC,LT,2007,7.5,
ESTAT:SDG_11_60(1.0),13/01/23 23:00:00,A,PC,LT,2008,8.4,b
ESTAT:SDG_11_60(1.0),13/01/23 23:00:00,A,PC,LT,2009,8.5,
ESTAT:SDG_11_60(1.0),13/01/23 23:00:00,A,PC,LT,2010,4.9,
ESTAT:SDG_11_60(1.0),13/01/23 23:00:00,A,PC,LT,2011,20.0,
ESTAT:SDG_11_60(1.0),13/01/23 23:00:00,A,PC,LT,2012,23.5,
ESTAT:SDG_11_60(1.0),13/01/23 23:00:00,A,PC,LT,2013,27.8,
ESTAT:SDG_11_60(1.0),13/01/23 23:00:00,A,PC,LT,2014,30.5,
ESTAT:SDG_11_60(1.0),13/01/23 23:00:00,A,PC,LT,2015,33.2,
ESTAT:SDG_11_60(1.0),13/01/23 23:00:00,A,PC,LT,2016,48.0,b
ESTAT:SDG_11_60(1.0),13/01/23 23:00:00,A,PC,LT,2017,48.1,
ESTAT:SDG_11_60(1.0),13/01/23 23:00:00,A,PC,LT,2018,52.6,
ESTAT:SDG_11_60(1.0),13/01/23 23:00:00,A,PC,LT,2019,49.7,
ESTAT:SDG_11_60(1.0),13/01/23 23:00:00,A,PC,LT,2020,45.3,
ESTAT:SDG_11_60(1.0),13/01/23 23:00:00,A,PC,LT,2021,44.3,
ESTAT:SDG_11_60(1.0),13/01/23 23:00:00,A,PC,LU,2000,35.8,
ESTAT:SDG_11_60(1.0),13/01/23 23:00:00,A,PC,LU,2001,37.5,
ESTAT:SDG_11_60(1.0),13/01/23 23:00:00,A,PC,LU,2002,38.5,
ESTAT:SDG_11_60(1.0),13/01/23 23:00:00,A,PC,LU,2003,42.2,
ESTAT:SDG_11_60(1.0),13/01/23 23:00:00,A,PC,LU,2004,41.5,
ESTAT:SDG_11_60(1.0),13/01/23 23:00:00,A,PC,LU,2005,43.5,
ESTAT:SDG_11_60(1.0),13/01/23 23:00:00,A,PC,LU,2006,43.7,
ESTAT:SDG_11_60(1.0),13/01/23 23:00:00,A,PC,LU,2007,45.0,
ESTAT:SDG_11_60(1.0),13/01/23 23:00:00,A,PC,LU,2008,45.7,
ESTAT:SDG_11_60(1.0),13/01/23 23:00:00,A,PC,LU,2009,46.4,
ESTAT:SDG_11_60(1.0),13/01/23 23:00:00,A,PC,LU,2010,46.5,
ESTAT:SDG_11_60(1.0),13/01/23 23:00:00,A,PC,LU,2011,46.4,
ESTAT:SDG_11_60(1.0),13/01/23 23:00:00,A,PC,LU,2012,47.4,
ESTAT:SDG_11_60(1.0),13/01/23 23:00:00,A,PC,LU,2013,46.3,
ESTAT:SDG_11_60(1.0),13/01/23 23:00:00,A,PC,LU,2014,47.7,
ESTAT:SDG_11_60(1.0),13/01/23 23:00:00,A,PC,LU,2015,47.4,
ESTAT:SDG_11_60(1.0),13/01/23 23:00:00,A,PC,LU,2016,49.2,b
ESTAT:SDG_11_60(1.0),13/01/23 23:00:00,A,PC,LU,2017,48.9,
ESTAT:SDG_11_60(1.0),13/01/23 23:00:00,A,PC,LU,2018,49.0,
ESTAT:SDG_11_60(1.0),13/01/23 23:00:00,A,PC,LU,2019,48.9,e
ESTAT:SDG_11_60(1.0),13/01/23 23:00:00,A,PC,LU,2020,52.8,
ESTAT:SDG_11_60(1.0),13/01/23 23:00:00,A,PC,LU,2021,55.3,
ESTAT:SDG_11_60(1.0),13/01/23 23:00:00,A,PC,LV,2000,0.0,e
ESTAT:SDG_11_60(1.0),13/01/23 23:00:00,A,PC,LV,2001,0.4,e
ESTAT:SDG_11_60(1.0),13/01/23 23:00:00,A,PC,LV,2002,0.4,b
ESTAT:SDG_11_60(1.0),13/01/23 23:00:00,A,PC,LV,2003,2.3,
ESTAT:SDG_11_60(1.0),13/01/23 23:00:00,A,PC,LV,2004,4.4,
ESTAT:SDG_11_60(1.0),13/01/23 23:00:00,A,PC,LV,2005,3.9,
ESTAT:SDG_11_60(1.0),13/01/23 23:00:00,A,PC,LV,2006,4.5,
ESTAT:SDG_11_60(1.0),13/01/23 23:00:00,A,PC,LV,2007,5.0,
ESTAT:SDG_11_60(1.0),13/01/23 23:00:00,A,PC,LV,2008,6.4,
ESTAT:SDG_11_60(1.0),13/01/23 23:00:00,A,PC,LV,2009,7.7,
ESTAT:SDG_11_60(1.0),13/01/23 23:00:00,A,PC,LV,2010,9.4,
ESTAT:SDG_11_60(1.0),13/01/23 23:00:00,A,PC,LV,2011,9.7,
ESTAT:SDG_11_60(1.0),13/01/23 23:00:00,A,PC,LV,2012,14.6,
ESTAT:SDG_11_60(1.0),13/01/23 23:00:00,A,PC,LV,2013,25.9,
ESTAT:SDG_11_60(1.0),13/01/23 23:00:00,A,PC,LV,2014,27.0,
ESTAT:SDG_11_60(1.0),13/01/23 23:00:00,A,PC,LV,2015,28.7,
ESTAT:SDG_11_60(1.0),13/01/23 23:00:00,A,PC,LV,2016,25.2,
ESTAT:SDG_11_60(1.0),13/01/23 23:00:00,A,PC,LV,2017,24.8,
ESTAT:SDG_11_60(1.0),13/01/23 23:00:00,A,PC,LV,2018,25.2,
ESTAT:SDG_11_60(1.0),13/01/23 23:00:00,A,PC,LV,2019,41.0,
ESTAT:SDG_11_60(1.0),13/01/23 23:00:00,A,PC,LV,2020,39.7,
ESTAT:SDG_11_60(1.0),13/01/23 23:00:00,A,PC,ME,2018,3.7,e
ESTAT:SDG_11_60(1.0),13/01/23 23:00:00,A,PC,ME,2019,5.3,e
ESTAT:SDG_11_60(1.0),13/01/23 23:00:00,A,PC,ME,2020,4.6,e
ESTAT:SDG_11_60(1.0),13/01/23 23:00:00,A,PC,ME,2021,4.7,e
ESTAT:SDG_11_60(1.0),13/01/23 23:00:00,A,PC,MK,2008,0.0,e
ESTAT:SDG_11_60(1.0),13/01/23 23:00:00,A,PC,MK,2011,0.0,
ESTAT:SDG_11_60(1.0),13/01/23 23:00:00,A,PC,MT,2000,9.8,
ESTAT:SDG_11_60(1.0),13/01/23 23:00:00,A,PC,MT,2001,8.9,
ESTAT:SDG_11_60(1.0),13/01/23 23:00:00,A,PC,MT,2002,4.9,
ESTAT:SDG_11_60(1.0),13/01/23 23:00:00,A,PC,MT,2003,6.6,
ESTAT:SDG_11_60(1.0),13/01/23 23:00:00,A,PC,MT,2004,6.3,
ESTAT:SDG_11_60(1.0),13/01/23 23:00:00,A,PC,MT,2005,9.1,
ESTAT:SDG_11_60(1.0),13/01/23 23:00:00,A,PC,MT,2006,13.5,
ESTAT:SDG_11_60(1.0),13/01/23 23:00:00,A,PC,MT,2007,4.5,
ESTAT:SDG_11_60(1.0),13/01/23 23:00:00,A,PC,MT,2008,3.6,
ESTAT:SDG_11_60(1.0),13/01/23 23:00:00,A,PC,MT,2009,6.8,
ESTAT:SDG_11_60(1.0),13/01/23 23:00:00,A,PC,MT,2010,8.8,
ESTAT:SDG_11_60(1.0),13/01/23 23:00:00,A,PC,MT,2011,15.4,
ESTAT:SDG_11_60(1.0),13/01/23 23:00:00,A,PC,MT,2012,14.6,
ESTAT:SDG_11_60(1.0),13/01/23 23:00:00,A,PC,MT,2013,12.5,
ESTAT:SDG_11_60(1.0),13/01/23 23:00:00,A,PC,MT,2014,11.7,
ESTAT:SDG_11_60(1.0),13/01/23 23:00:00,A,PC,MT,2015,10.9,
ESTAT:SDG_11_60(1.0),13/01/23 23:00:00,A,PC,MT,2016,12.6,
ESTAT:SDG_11_60(1.0),13/01/23 23:00:00,A,PC,MT,2017,11.5,
ESTAT:SDG_11_60(1.0),13/01/23 23:00:00,A,PC,MT,2018,10.5,
ESTAT:SDG_11_60(1.0),13/01/23 23:00:00,A,PC,MT,2019,9.1,
ESTAT:SDG_11_60(1.0),13/01/23 23:00:00,A,PC,MT,2020,10.9,
ESTAT:SDG_11_60(1.0),13/01/23 23:00:00,A,PC,MT,2021,13.5,
ESTAT:SDG_11_60(1.0),13/01/23 23:00:00,A,PC,NL,2000,44.1,
ESTAT:SDG_11_60(1.0),13/01/23 23:00:00,A,PC,NL,2001,43.7,
ESTAT:SDG_11_60(1.0),13/01/23 23:00:00,A,PC,NL,2002,45.3,
ESTAT:SDG_11_60(1.0),13/01/23 23:00:00,A,PC,NL,2003,45.6,
ESTAT:SDG_11_60(1.0),13/01/23 23:00:00,A,PC,NL,2004,46.9,
ESTAT:SDG_11_60(1.0),13/01/23 23:00:00,A,PC,NL,2005,46.7,
ESTAT:SDG_11_60(1.0),13/01/23 23:00:00,A,PC,NL,2006,46.8,
ESTAT:SDG_11_60(1.0),13/01/23 23:00:00,A,PC,NL,2007,48.3,
ESTAT:SDG_11_60(1.0),13/01/23 23:00:00,A,PC,NL,2008,48.4,b
ESTAT:SDG_11_60(1.0),13/01/23 23:00:00,A,PC,NL,2009,49.1,
ESTAT:SDG_11_60(1.0),13/01/23 23:00:00,A,PC,NL,2010,49.2,
ESTAT:SDG_11_60(1.0),13/01/23 23:00:00,A,PC,NL,2011,49.1,
ESTAT:SDG_11_60(1.0),13/01/23 23:00:00,A,PC,NL,2012,49.4,
ESTAT:SDG_11_60(1.0),13/01/23 23:00:00,A,PC,NL,2013,49.8,
ESTAT:SDG_11_60(1.0),13/01/23 23:00:00,A,PC,NL,2014,50.9,
ESTAT:SDG_11_60(1.0),13/01/23 23:00:00,A,PC,NL,2015,51.8,
ESTAT:SDG_11_60(1.0),13/01/23 23:00:00,A,PC,NL,2016,53.5,
ESTAT:SDG_11_60(1.0),13/01/23 23:00:00,A,PC,NL,2017,54.6,
ESTAT:SDG_11_60(1.0),13/01/23 23:00:00,A,PC,NL,2018,55.9,
ESTAT:SDG_11_60(1.0),13/01/23 23:00:00,A,PC,NL,2019,56.9,
ESTAT:SDG_11_60(1.0),13/01/23 23:00:00,A,PC,NL,2020,56.9,
ESTAT:SDG_11_60(1.0),13/01/23 23:00:00,A,PC,NL,2021,57.8,p
ESTAT:SDG_11_60(1.0),13/01/23 23:00:00,A,PC,NO,2000,30.6,
ESTAT:SDG_11_60(1.0),13/01/23 23:00:00,A,PC,NO,2001,44.4,b
ESTAT:SDG_11_60(1.0),13/01/23 23:00:00,A,PC,NO,2002,45.3,
ESTAT:SDG_11_60(1.0),13/01/23 23:00:00,A,PC,NO,2003,45.8,
ESTAT:SDG_11_60(1.0),13/01/23 23:00:00,A,PC,NO,2004,36.5,
ESTAT:SDG_11_60(1.0),13/01/23 23:00:00,A,PC,NO,2005,39.3,
ESTAT:SDG_11_60(1.0),13/01/23 23:00:00,A,PC,NO,2006,40.3,
ESTAT:SDG_11_60(1.0),13/01/23 23:00:00,A,PC,NO,2007,42.6,
ESTAT:SDG_11_60(1.0),13/01/23 23:00:00,A,PC,NO,2008,43.6,
ESTAT:SDG_11_60(1.0),13/01/23 23:00:00,A,PC,NO,2009,43.0,
ESTAT:SDG_11_60(1.0),13/01/23 23:00:00,A,PC,NO,2010,42.1,
ESTAT:SDG_11_60(1.0),13/01/23 23:00:00,A,PC,NO,2011,39.9,
ESTAT:SDG_11_60(1.0),13/01/23 23:00:00,A,PC,NO,2012,39.8,
ESTAT:SDG_11_60(1.0),13/01/23 23:00:00,A,PC,NO,2013,39.2,
ESTAT:SDG_11_60(1.0),13/01/23 23:00:00,A,PC,NO,2014,42.2,b
ESTAT:SDG_11_60(1.0),13/01/23 23:00:00,A,PC,NO,2015,42.8,
ESTAT:SDG_11_60(1.0),13/01/23 23:00:00,A,PC,NO,2016,38.2,b
ESTAT:SDG_11_60(1.0),13/01/23 23:00:00,A,PC,NO,2017,38.8,
ESTAT:SDG_11_60(1.0),13/01/23 23:00:00,A,PC,NO,2018,40.7,
ESTAT:SDG_11_60(1.0),13/01/23 23:00:00,A,PC,NO,2019,40.9,
ESTAT:SDG_11_60(1.0),13/01/23 23:00:00,A,PC,NO,2020,41.0,b
ESTAT:SDG_11_60(1.0),13/01/23 23:00:00,A,PC,NO,2021,38.2,
ESTAT:SDG_11_60(1.0),13/01/23 23:00:00,A,PC,PL,2000,2.1,
ESTAT:SDG_11_60(1.0),13/01/23 23:00:00,A,PC,PL,2001,4.1,
ESTAT:SDG_11_60(1.0),13/01/23 23:00:00,A,PC,PL,2002,3.1,
ESTAT:SDG_11_60(1.0),13/01/23 23:00:00,A,PC,PL,2003,2.8,
ESTAT:SDG_11_60(1.0),13/01/23 23:00:00,A,PC,PL,2004,4.9,
ESTAT:SDG_11_60(1.0),13/01/23 23:00:00,A,PC,PL,2005,5.6,be
ESTAT:SDG_11_60(1.0),13/01/23 23:00:00,A,PC,PL,2006,6.9,e
ESTAT:SDG_11_60(1.0),13/01/23 23:00:00,A,PC,PL,2007,7.7,e
ESTAT:SDG_11_60(1.0),13/01/23 23:00:00,A,PC,PL,2008,10.5,e
ESTAT:SDG_11_60(1.0),13/01/23 23:00:00,A,PC,PL,2009,13.2,be
ESTAT:SDG_11_60(1.0),13/01/23 23:00:00,A,PC,PL,2010,16.3,e
ESTAT:SDG_11_60(1.0),13/01/23 23:00:00,A,PC,PL,2011,11.4,e
ESTAT:SDG_11_60(1.0),13/01/23 23:00:00,A,PC,PL,2012,12.0,e
ESTAT:SDG_11_60(1.0),13/01/23 23:00:00,A,PC,PL,2013,15.1,be
ESTAT:SDG_11_60(1.0),13/01/23 23:00:00,A,PC,PL,2014,26.5,be
ESTAT:SDG_11_60(1.0),13/01/23 23:00:00,A,PC,PL,2015,32.5,e
ESTAT:SDG_11_60(1.0),13/01/23 23:00:00,A,PC,PL,2016,34.8,e
ESTAT:SDG_11_60(1.0),13/01/23 23:00:00,A,PC,PL,2017,33.8,e
ESTAT:SDG_11_60(1.0),13/01/23 23:00:00,A,PC,PL,2018,34.3,e
ESTAT:SDG_11_60(1.0),13/01/23 23:00:00,A,PC,PL,2019,34.1,e
ESTAT:SDG_11_60(1.0),13/01/23 23:00:00,A,PC,PL,2020,38.7,
ESTAT:SDG_11_60(1.0),13/01/23 23:00:00,A,PC,PL,2021,40.3,
ESTAT:SDG_11_60(1.0),13/01/23 23:00:00,A,PC,PT,2000,10.5,
ESTAT:SDG_11_60(1.0),13/01/23 23:00:00,A,PC,PT,2001,11.9,
ESTAT:SDG_11_60(1.0),13/01/23 23:00:00,A,PC,PT,2002,7.6,b
ESTAT:SDG_11_60(1.0),13/01/23 23:00:00,A,PC,PT,2003,10.9,
ESTAT:SDG_11_60(1.0),13/01/23 23:00:00,A,PC,PT,2004,13.5,
ESTAT:SDG_11_60(1.0),13/01/23 23:00:00,A,PC,PT,2005,15.2,
ESTAT:SDG_11_60(1.0),13/01/23 23:00:00,A,PC,PT,2006,15.9,
ESTAT:SDG_11_60(1.0),13/01/23 23:00:00,A,PC,PT,2007,17.1,b
ESTAT:SDG_11_60(1.0),13/01/23 23:00:00,A,PC,PT,2008,17.3,
ESTAT:SDG_11_60(1.0),13/01/23 23:00:00,A,PC,PT,2009,19.5,
ESTAT:SDG_11_60(1.0),13/01/23 23:00:00,A,PC,PT,2010,18.7,
ESTAT:SDG_11_60(1.0),13/01/23 23:00:00,A,PC,PT,2011,20.1,
ESTAT:SDG_11_60(1.0),13/01/23 23:00:00,A,PC,PT,2012,26.1,
ESTAT:SDG_11_60(1.0),13/01/23 23:00:00,A,PC,PT,2013,25.8,
ESTAT:SDG_11_60(1.0),13/01/23 23:00:00,A,PC,PT,2014,30.4,
ESTAT:SDG_11_60(1.0),13/01/23 23:00:00,A,PC,PT,2015,29.8,b
ESTAT:SDG_11_60(1.0),13/01/23 23:00:00,A,PC,PT,2016,30.9,
ESTAT:SDG_11_60(1.0),13/01/23 23:00:00,A,PC,PT,2017,29.1,
ESTAT:SDG_11_60(1.0),13/01/23 23:00:00,A,PC,PT,2018,29.1,
ESTAT:SDG_11_60(1.0),13/01/23 23:00:00,A,PC,PT,2019,28.9,
ESTAT:SDG_11_60(1.0),13/01/23 23:00:00,A,PC,PT,2020,26.8,
ESTAT:SDG_11_60(1.0),13/01/23 23:00:00,A,PC,PT,2021,30.5,
ESTAT:SDG_11_60(1.0),13/01/23 23:00:00,A,PC,RO,2000,0.0,e
ESTAT:SDG_11_60(1.0),13/01/23 23:00:00,A,PC,RO,2001,1.6,e
ESTAT:SDG_11_60(1.0),13/01/23 23:00:00,A,PC,RO,2002,2.0,e
ESTAT:SDG_11_60(1.0),13/01/23 23:00:00,A,PC,RO,2003,0.2,be
ESTAT:SDG_11_60(1.0),13/01/23 23:00:00,A,PC,RO,2004,1.1,e
ESTAT:SDG_11_60(1.0),13/01/23 23:00:00,A,PC,RO,2005,1.8,e
ESTAT:SDG_11_60(1.0),13/01/23 23:00:00,A,PC,RO,2006,0.5,e
ESTAT:SDG_11_60(1.0),13/01/23 23:00:00,A,PC,RO,2007,0.5,e
ESTAT:SDG_11_60(1.0),13/01/23 23:00:00,A,PC,RO,2008,0.9,e
ESTAT:SDG_11_60(1.0),13/01/23 23:00:00,A,PC,RO,2009,1.1,e
ESTAT:SDG_11_60(1.0),13/01/23 23:00:00,A,PC,RO,2010,12.8,b
ESTAT:SDG_11_60(1.0),13/01/23 23:00:00,A,PC,RO,2011,11.7,
ESTAT:SDG_11_60(1.0),13/01/23 23:00:00,A,PC,RO,2012,14.8,
ESTAT:SDG_11_60(1.0),13/01/23 23:00:00,A,PC,RO,2013,13.2,
ESTAT:SDG_11_60(1.0),13/01/23 23:00:00,A,PC,RO,2014,13.1,
ESTAT:SDG_11_60(1.0),13/01/23 23:00:00,A,PC,RO,2015,13.3,
ESTAT:SDG_11_60(1.0),13/01/23 23:00:00,A,PC,RO,2016,13.4,
ESTAT:SDG_11_60(1.0),13/01/23 23:00:00,A,PC,RO,2017,14.0,
ESTAT:SDG_11_60(1.0),13/01/23 23:00:00,A,PC,RO,2018,11.1,
ESTAT:SDG_11_60(1.0),13/01/23 23:00:00,A,PC,RO,2019,11.5,
ESTAT:SDG_11_60(1.0),13/01/23 23:00:00,A,PC,RO,2020,11.9,p
ESTAT:SDG_11_60(1.0),13/01/23 23:00:00,A,PC,RO,2021,11.3,p
ESTAT:SDG_11_60(1.0),13/01/23 23:00:00,A,PC,RS,2006,0.0,
ESTAT:SDG_11_60(1.0),13/01/23 23:00:00,A,PC,RS,2007,0.0,
ESTAT:SDG_11_60(1.0),13/01/23 23:00:00,A,PC,RS,2008,0.0,
ESTAT:SDG_11_60(1.0),13/01/23 23:00:00,A,PC,RS,2009,0.0,
ESTAT:SDG_11_60(1.0),13/01/23 23:00:00,A,PC,RS,2010,0.0,
ESTAT:SDG_11_60(1.0),13/01/23 23:00:00,A,PC,RS,2011,0.0,
ESTAT:SDG_11_60(1.0),13/01/23 23:00:00,A,PC,RS,2012,0.0,
ESTAT:SDG_11_60(1.0),13/01/23 23:00:00,A,PC,RS,2013,1.0,
ESTAT:SDG_11_60(1.0),13/01/23 23:00:00,A,PC,RS,2014,0.7,
ESTAT:SDG_11_60(1.0),13/01/23 23:00:00,A,PC,RS,2015,0.8,
ESTAT:SDG_11_60(1.0),13/01/23 23:00:00,A,PC,RS,2016,0.3,
ESTAT:SDG_11_60(1.0),13/01/23 23:00:00,A,PC,RS,2017,0.3,
ESTAT:SDG_11_60(1.0),13/01/23 23:00:00,A,PC,RS,2018,0.3,
ESTAT:SDG_11_60(1.0),13/01/23 23:00:00,A,PC,RS,2020,15.4,
ESTAT:SDG_11_60(1.0),13/01/23 23:00:00,A,PC,SE,2000,38.5,
ESTAT:SDG_11_60(1.0),13/01/23 23:00:00,A,PC,SE,2001,39.0,
ESTAT:SDG_11_60(1.0),13/01/23 23:00:00,A,PC,SE,2002,39.7,
ESTAT:SDG_11_60(1.0),13/01/23 23:00:00,A,PC,SE,2003,41.3,
ESTAT:SDG_11_60(1.0),13/01/23 23:00:00,A,PC,SE,2004,43.9,
ESTAT:SDG_11_60(1.0),13/01/23 23:00:00,A,PC,SE,2005,44.6,
ESTAT:SDG_11_60(1.0),13/01/23 23:00:00,A,PC,SE,2006,47.7,
ESTAT:SDG_11_60(1.0),13/01/23 23:00:00,A,PC,SE,2007,46.7,
ESTAT:SDG_11_60(1.0),13/01/23 23:00:00,A,PC,SE,2008,45.6,
ESTAT:SDG_11_60(1.0),13/01/23 23:00:00,A,PC,SE,2009,49.2,
ESTAT:SDG_11_60(1.0),13/01/23 23:00:00,A,PC,SE,2010,47.8,
ESTAT:SDG_11_60(1.0),13/01/23 23:00:00,A,PC,SE,2011,47.0,
ESTAT:SDG_11_60(1.0),13/01/23 23:00:00,A,PC,SE,2012,46.9,
ESTAT:SDG_11_60(1.0),13/01/23 23:00:00,A,PC,SE,2013,48.2,
ESTAT:SDG_11_60(1.0),13/01/23 23:00:00,A,PC,SE,2014,49.3,
ESTAT:SDG_11_60(1.0),13/01/23 23:00:00,A,PC,SE,2015,47.6,
ESTAT:SDG_11_60(1.0),13/01/23 23:00:00,A,PC,SE,2016,48.4,
ESTAT:SDG_11_60(1.0),13/01/23 23:00:00,A,PC,SE,2017,46.8,
ESTAT:SDG_11_60(1.0),13/01/23 23:00:00,A,PC,SE,2018,45.8,
ESTAT:SDG_11_60(1.0),13/01/23 23:00:00,A,PC,SE,2019,46.6,
ESTAT:SDG_11_60(1.0),13/01/23 23:00:00,A,PC,SE,2020,38.3,b
ESTAT:SDG_11_60(1.0),13/01/23 23:00:00,A,PC,SE,2021,39.5,
ESTAT:SDG_11_60(1.0),13/01/23 23:00:00,A,PC,SI,2000,6.0,es
ESTAT:SDG_11_60(1.0),13/01/23 23:00:00,A,PC,SI,2001,2.7,
ESTAT:SDG_11_60(1.0),13/01/23 23:00:00,A,PC,SI,2002,9.0,b
ESTAT:SDG_11_60(1.0),13/01/23 23:00:00,A,PC,SI,2003,12.6,
ESTAT:SDG_11_60(1.0),13/01/23 23:00:00,A,PC,SI,2004,20.4,
ESTAT:SDG_11_60(1.0),13/01/23 23:00:00,A,PC,SI,2005,18.6,
ESTAT:SDG_11_60(1.0),13/01/23 23:00:00,A,PC,SI,2006,15.4,
ESTAT:SDG_11_60(1.0),13/01/23 23:00:00,A,PC,SI,2007,21.9,
ESTAT:SDG_11_60(1.0),13/01/23 23:00:00,A,PC,SI,2008,18.9,
ESTAT:SDG_11_60(1.0),13/01/23 23:00:00,A,PC,SI,2009,19.6,
ESTAT:SDG_11_60(1.0),13/01/23 23:00:00,A,PC,SI,2010,22.4,
ESTAT:SDG_11_60(1.0),13/01/23 23:00:00,A,PC,SI,2011,35.7,
ESTAT:SDG_11_60(1.0),13/01/23 23:00:00,A,PC,SI,2012,42.1,
ESTAT:SDG_11_60(1.0),13/01/23 23:00:00,A,PC,SI,2013,34.8,b
ESTAT:SDG_11_60(1.0),13/01/23 23:00:00,A,PC,SI,2014,36.0,
ESTAT:SDG_11_60(1.0),13/01/23 23:00:00,A,PC,SI,2015,54.1,be
ESTAT:SDG_11_60(1.0),13/01/23 23:00:00,A,PC,SI,2016,55.5,e
ESTAT:SDG_11_60(1.0),13/01/23 23:00:00,A,PC,SI,2017,57.8,e
ESTAT:SDG_11_60(1.0),13/01/23 23:00:00,A,PC,SI,2018,58.9,
ESTAT:SDG_11_60(1.0),13/01/23 23:00:00,A,PC,SI,2019,59.2,
ESTAT:SDG_11_60(1.0),13/01/23 23:00:00,A,PC,SI,2020,59.3,
ESTAT:SDG_11_60(1.0),13/01/23 23:00:00,A,PC,SI,2021,60.0,
ESTAT:SDG_11_60(1.0),13/01/23 23:00:00,A,PC,SK,2000,5.2,
ESTAT:SDG_11_60(1.0),13/01/23 23:00:00,A,PC,SK,2001,5.4,
ESTAT:SDG_11_60(1.0),13/01/23 23:00:00,A,PC,SK,2002,4.8,b
ESTAT:SDG_11_60(1.0),13/01/23 23:00:00,A,PC,SK,2003,5.6,
ESTAT:SDG_11_60(1.0),13/01/23 23:00:00,A,PC,SK,2004,6.1,
ESTAT:SDG_11_60(1.0),13/01/23 23:00:00,A,PC,SK,2005,2.0,b
ESTAT:SDG_11_60(1.0),13/01/23 23:00:00,A,PC,SK,2006,4.0,
ESTAT:SDG_11_60(1.0),13/01/23 23:00:00,A,PC,SK,2007,6.6,
ESTAT:SDG_11_60(1.0),13/01/23 23:00:00,A,PC,SK,2008,7.4,
ESTAT:SDG_11_60(1.0),13/01/23 23:00:00,A,PC,SK,2009,8.3,
ESTAT:SDG_11_60(1.0),13/01/23 23:00:00,A,PC,SK,2010,9.1,
ESTAT:SDG_11_60(1.0),13/01/23 23:00:00,A,PC,SK,2011,10.9,
ESTAT:SDG_11_60(1.0),13/01/23 23:00:00,A,PC,SK,2012,13.4,
ESTAT:SDG_11_60(1.0),13/01/23 23:00:00,A,PC,SK,2013,10.8,
ESTAT:SDG_11_60(1.0),13/01/23 23:00:00,A,PC,SK,2014,10.4,
ESTAT:SDG_11_60(1.0),13/01/23 23:00:00,A,PC,SK,2015,14.9,
ESTAT:SDG_11_60(1.0),13/01/23 23:00:00,A,PC,SK,2016,23.0,
ESTAT:SDG_11_60(1.0),13/01/23 23:00:00,A,PC,SK,2017,29.8,
ESTAT:SDG_11_60(1.0),13/01/23 23:00:00,A,PC,SK,2018,36.3,
ESTAT:SDG_11_60(1.0),13/01/23 23:00:00,A,PC,SK,2019,38.5,
ESTAT:SDG_11_60(1.0),13/01/23 23:00:00,A,PC,SK,2020,45.3,
ESTAT:SDG_11_60(1.0),13/01/23 23:00:00,A,PC,SK,2021,48.9,
ESTAT:SDG_11_60(1.0),13/01/23 23:00:00,A,PC,TR,2016,9.2,be
ESTAT:SDG_11_60(1.0),13/01/23 23:00:00,A,PC,TR,2017,9.2,e
ESTAT:SDG_11_60(1.0),13/01/23 23:00:00,A,PC,TR,2018,11.5,e
ESTAT:SDG_11_60(1.0),13/01/23 23:00:00,A,PC,TR,2019,11.5,e
ESTAT:SDG_11_60(1.0),13/01/23 23:00:00,A,PC,TR,2020,12.3,
ESTAT:SDG_11_60(1.0),13/01/23 23:00:00,A,PC,UK,2000,11.1,b
ESTAT:SDG_11_60(1.0),13/01/23 23:00:00,A,PC,UK,2001,12.4,
ESTAT:SDG_11_60(1.0),13/01/23 23:00:00,A,PC,UK,2002,14.5,
ESTAT:SDG_11_60(1.0),13/01/23 23:00:00,A,PC,UK,2003,18.1,
ESTAT:SDG_11_60(1.0),13/01/23 23:00:00,A,PC,UK,2004,22.6,
ESTAT:SDG_11_60(1.0),13/01/23 23:00:00,A,PC,UK,2005,26.7,
ESTAT:SDG_11_60(1.0),13/01/23 23:00:00,A,PC,UK,2006,30.3,
ESTAT:SDG_11_60(1.0),13/01/23 23:00:00,A,PC,UK,2007,33.6,
ESTAT:SDG_11_60(1.0),13/01/23 23:00:00,A,PC,UK,2008,36.4,
ESTAT:SDG_11_60(1.0),13/01/23 23:00:00,A,PC,UK,2009,38.3,
ESTAT:SDG_11_60(1.0),13/01/23 23:00:00,A,PC,UK,2010,40.2,
ESTAT:SDG_11_60(1.0),13/01/23 23:00:00,A,PC,UK,2011,42.0,
ESTAT:SDG_11_60(1.0),13/01/23 23:00:00,A,PC,UK,2012,42.6,
ESTAT:SDG_11_60(1.0),13/01/23 23:00:00,A,PC,UK,2013,43.2,
ESTAT:SDG_11_60(1.0),13/01/23 23:00:00,A,PC,UK,2014,43.4,
ESTAT:SDG_11_60(1.0),13/01/23 23:00:00,A,PC,UK,2015,43.3,
ESTAT:SDG_11_60(1.0),13/01/23 23:00:00,A,PC,UK,2016,44.0,
ESTAT:SDG_11_60(1.0),13/01/23 23:00:00,A,PC,UK,2017,43.8,
ESTAT:SDG_11_60(1.0),13/01/23 23:00:00,A,PC,UK,2018,44.1,
ESTAT:SDG_11_60(1.0),13/01/23 23:00:00,A,PC,XK,2020,0.0,
ESTAT:SDG_11_60(1.0),13/01/23 23:00:00,A,PC,XK,2021,0.0,
